;;;ppr;oblačnost;;;veter;;;;;;padavine (mm);sneg (cm);oblika padavin;;;;;;dan;7h;14h;21h;7h;14h;21h;pov;TM;Tm;7h;14h;21h;pov;7h;14h;21h;7h;;14h;;21h;;;;* sneženje,  • dež;;;;;;
1 01 2012;984,3;985,1;987,4;-0,8;4,6;0,8;1,4;5,4;-1,1;92;67;93;5,7;6;5;4;WNW ;0,5;ENE;1,1; SW ;0,3;    ;  ;   ;;;;;;
2 01 2012;985,9;982,7;981,9;-1;7,9;7,1;5,3;8,3;-1,5;95;77;91;7,6;8;10;10;  N ;0,3; NW ;1,7;NNE;0,8;    ;  ;   ;;;;;;
3 01 2012;988,7;990,7;989,3;5,6;6,3;5,7;5,8;7,1;5,5;96;95;94;8,8;10;10;10;SSW ;1,7;NNW ;0,7;SSW ;1,5;22,7;  ;●;;;;;;
4 01 2012;982,3;980,5;984,2;5,2;9;4,6;5,9;9,1;4,6;96;66;97;8,1;9;10;5;WNW ;0,9;SSW ;1,7;  N ;0,7;1,7;  ;●;;;;;;
5 01 2012;977,1;965,4;961,3;2;6,1;5,4;4,7;6,3;2;97;76;66;6,6;10;10;10;  E;0,3;WSW ;3,4;NNW ;2;0,2;  ;●;;;;;;
6 01 2012;963,7;968,1;977;-0,5;9,5;4,8;4,7;10,2;-1,3;98;30;35;4,1;6;7;1;  S ;0,8;NNW ;4,9;  S ;1,3;0;  ;  ;;;;;;
7 01 2012;983,1;981,8;978,3;-0,6;5,7;2,8;2,7;6,1;-1,3;63;51;72;4,6;2;6;2; NW ;0,9;NNW ;0,4;  S ;1,2;    ;  ;   ;;;;;;
8 01 2012;979,7;979,5;982,3;-2,3;7,2;2,9;2,7;9,3;-2,7;88;50;78;5,2;2;3;5;NNW ;0,5;SSW ;1,5;  E;0,8;    ;  ;   ;;;;;;
9 01 2012;985,7;987;991;-2;9,1;3,8;3,7;10,4;-2;94;43;55;4,8;4;2;10;ESE ;0,4;SSE ;0,8;  S ;0,7;    ;  ;   ;;;;;;
10 01 2012;989,1;990,1;995,3;-1,7;9,1;2,3;3;10,2;-1,7;87;45;75;5,1;1;3;1;  S ;0,4;ENE;1,7; NE;0,4;    ;  ;   ;;;;;;
11 01 2012;997;994,7;995,4;-2,4;6,4;1;1,5;7,6;-2,7;94;54;83;5,2;4;1;5; NE;0,4; NW ;0,4;NNE;0,4;0;  ;  ;;;;;;
12 01 2012;996,2;990,5;986,7;-3,2;6,1;4,6;3;8;-3,5;97;61;74;5,6;0;1;0;  N ;0,4;SSE ;0,8;WNW ;1,9;    ;  ;   ;;;;;;
13 01 2012;983,7;981,5;982,7;-1,1;6,7;1,5;2,2;7,4;-1,2;92;62;92;5,8;8;2;3; NE;0,7; SE ;1;  S ;0,8;    ;  ;   ;;;;;;
14 01 2012;984,3;982,9;984,6;-4,5;7,6;2,8;2,2;7,7;-4,5;96;29;33;3,2;1;3;1;NNE;0,5; NW ;4;NNW ;1,9;    ;  ;   ;;;;;;
15 01 2012;984,5;983,1;985,8;-5;5,9;-2,6;-1,1;7;-5,6;72;26;56;2,7;3;1;0; SE ;0,3;  N ;2,7;  S ;0,6;    ;  ;   ;;;;;;
16 01 2012;988,7;987,9;989,9;-6,6;1,6;-3,8;-3,2;2,5;-7;84;50;72;3,3;0;1;1; NE;0,3;WSW ;0,9;NNW ;0,7;    ;  ;   ;;;;;;
17 01 2012;990,2;988,2;991,5;-6,6;3,6;0,2;-0,7;6;-7,3;87;54;67;3,9;8;2;5;ENE;0,6; NE;1,2; NE;0,2;    ;  ;   ;;;;;;
18 01 2012;995,1;994,9;995,3;-4,1;4,7;-1,6;-0,7;5,6;-4,5;86;51;87;4,3;3;3;2;  N ;0,6;ENE;0,6; NW ;0,4;    ;  ;   ;;;;;;
19 01 2012;991,1;988,3;984,7;-2,9;4,5;5,2;3;5,2;-4;89;71;80;5,8;9;9;10;ENE;1,6;  W ;3,7;WNW ;3,2;    ;  ;   ;;;;;;
20 01 2012;978,3;976,7;978,5;5,4;4,7;-0,4;2,3;6,3;-0,4;79;88;96;6,8;9;10;0; NW ;2,1;NNW ;3,1;NNE;0,6;    ;  ;   ;;;;;;
21 01 2012;981;980,3;977,3;-2,5;3,6;-0,4;0,1;5,1;-3,2;94;67;96;5,3;4;2;3;SSE ;0,6;NNE;1,2;  E;0,8;1,4;  ;●;;;;;;
22 01 2012;973,8;974,6;974,3;4,4;9;8,9;7,8;10;-0,8;80;55;70;7;4;4;9;  W ;1,6;ENE;0,7; NW ;1,9;    ;  ;   ;;;;;;
23 01 2012;978,1;978,3;977,9;2;9,7;5,9;5,9;10,3;1,2;84;66;85;7,3;6;5;3;ENE;0,7;  N ;0,6;  N ;1,2;    ;  ;   ;;;;;;
24 01 2012;978,9;979,5;982,1;4,5;5,2;1;2,9;6,1;0,9;84;83;95;6,9;10;8;1;NNW ;3,3;  N ;1,2;NNE;0,4;0;0;  ;;;;;;
25 01 2012;983,9;983,7;984,9;-4;4,3;-0,8;-0,3;5,2;-4,4;94;61;90;4,9;2;1;0;  N ;0,6;  E;1,4; NW ;0,5;2,3;0;●*;;;;;;
26 01 2012;986,1;985,3;987,8;-5,3;2,3;-2,1;-1,8;3;-5,5;95;56;79;4;1;1;5;NNW ;0,6;NNE;0,7;ENE;0,9;    ;  ;   ;;;;;;
27 01 2012;990,9;990,9;992,3;-6;1,4;-2;-2,2;2,5;-6,3;94;56;77;3,9;1;2;4;  E;0,4;  E;1,6;NNE;0,2;    ;  ;   ;;;;;;
28 01 2012;993,1;991,5;991,8;-5,9;1,2;-0,2;-1,3;1,6;-6;92;61;69;3,9;2;6;9;NNE;0,5;NNE;1,2;SSE ;0,8;    ;  ;   ;;;;;;
29 01 2012;991,3;991,5;993,7;-1,8;0,1;-2,6;-1,7;0,1;-2,6;70;56;82;3,8;6;9;10;ENE;3,2;  E;3,5;ENE;1,8;    ;  ;   ;;;;;;
30 01 2012;993,3;991,5;991,9;-3,2;0,9;-2,9;-2;1,1;-3,6;77;51;64;3,4;9;2;1; NE;2,2;  E;3,8;ENE;1,5;0,1;0;*;;;;;;
31 01 2012;990,7;988,7;989,4;-6,2;-3;-4,8;-4,7;-2,9;-6,8;71;44;51;2,4;1;9;10;ESE ;1,2;  E;3,6;  E;2,3;    ;  ;   ;;;;;;
1 02 2012;987;985,5;986,3;-4,2;-1,9;-3,3;-3,2;-1,7;-4,8;55;44;50;2,4;10;9;8;ESE ;3; NE;6,1;ENE;3,8;0;0;  ;;;;;;
2 02 2012;986,9;987,8;989,7;-5,7;-4,3;-6,5;-5,8;-3,2;-6,5;51;37;42;1,7;9;10;9;  E;3,4;  E;3,8;ENE;3,8;0;0;  ;;;;;;
3 02 2012;989,1;989,1;989,7;-8,3;-7,4;-7,3;-7,6;-6,5;-8,8;49;52;48;1,7;10;9;10;ENE;4,5;  E;4,4;  E;4,3;0;0;  ;;;;;;
4 02 2012;989,1;987,8;991,1;-8,5;-6,3;-9,2;-8,3;-5,8;-9,2;74;67;78;2,4;10;10;10;  E;3,4;  E;3,7; SE ;1,5;0,1;0;*;;;;;;
5 02 2012;993;991,3;992,5;-10,4;-7;-9,2;-9;-6,2;-10,5;79;60;73;2,2;5;8;9;  E;1,7; SE ;1,8;  E;2,1;0,5;1;*;;;;;;
6 02 2012;990,3;987,9;986,2;-9,6;-6,2;-9,6;-8,8;-5,7;-10;64;62;80;2,2;10;6;10;  E;1,8;  E;2,5;SSE ;2;0;1;  ;;;;;;
7 02 2012;983,5;983,5;988,6;-9,6;-6,9;-4;-6,1;-3,9;-9,9;83;84;72;2,9;9;9;8;SSE ;1,3; SE ;1,9;  E;6,3;0,3;2;*;;;;;;
8 02 2012;994,2;994,5;995,3;-9,8;-1,1;-6;-5,7;-0,4;-10,1;83;51;61;2,5;3;1;0;  S ;1,3;  E;2,4;SSE ;1,6;0,1;2;*;;;;;;
9 02 2012;992,5;988,6;989,5;-11,8;-3,3;-5,9;-6,7;-1,8;-12,2;83;46;50;2,1;6;2;9;NNW ;0,7;  S ;1,1;SSE ;0,8;    ;1;   ;;;;;;
10 02 2012;992,6;993,1;992,5;-8,4;-5,5;-7,3;-7,1;-4,8;-9,2;82;62;71;2,6;7;6;10;  E;2;  E;4,9;  E;3,6;    ;  ;   ;;;;;;
11 02 2012;988,7;988,5;990,5;-8,3;-6,3;-8,4;-7,9;-5,9;-8,6;79;73;77;2,6;10;9;10;  E;3,3;  E;3,6; SE ;1,9;0,1;0;*;;;;;;
12 02 2012;989,1;988,7;988,5;-8,9;-6,1;-7,5;-7,5;-5,7;-9,2;81;81;91;2,9;10;10;10;  E;0,9;  S ;1,2;  E;0,4;0,7;1;*;;;;;;
13 02 2012;986,1;982,3;981,5;-8,7;-1,8;-4,7;-5;-1;-8,9;89;58;74;3,1;10;5;7;NNE;0,8;NNE;1,3;ENE;0,4;3,2;5;*;;;;;;
14 02 2012;980,5;979,4;979;-10,7;-0,6;-5,5;-5,6;1;-10,7;90;50;79;2,9;4;5;1; NE;0,6;ENE;0,9; NW ;0,3;    ;5;   ;;;;;;
15 02 2012;973,3;966,6;969,5;-8,8;3,4;0,6;-1,1;4,1;-9,4;92;53;66;3,8;9;9;4;NNE;0,7;  W ;4,2;  N ;1,3;    ;4;   ;;;;;;
16 02 2012;974,9;979,7;985,1;3,1;8,4;1,9;3,8;8,6;-2,6;42;24;36;2,8;1;1;0; NW ;5;  N ;5,2;NNE;1,3;0;2;  ;;;;;;
17 02 2012;985,9;983,1;983,9;-4,7;8,9;2,8;2,5;9,1;-4,9;79;43;60;4,3;6;2;0; NW ;0,8;SSW ;4,7;SSW ;0,4;    ;  ;   ;;;;;;
18 02 2012;985,7;984,1;983,8;-3,9;8,6;5;3,7;11;-4;94;43;62;4,8;5;3;1;NNW ;0,4;  E;1,1; SW ;2,2;    ;  ;   ;;;;;;
19 02 2012;982,1;981,5;984,6;-0,5;7,6;4,9;4,2;8;-1,5;82;76;94;7;10;8;10; NE;0,4;SSW ;3,7;NNE;0,9;    ;  ;   ;;;;;;
20 02 2012;992,1;995;997,5;0,7;2,3;1,1;1,3;4,9;0,4;97;87;95;6,3;10;10;9; SE ;0,8;ESE ;1,2;NNE;0,8;17,4;2;●*;;;;;;
21 02 2012;997;994,7;995,8;-0,1;5,6;0,5;1,6;6,7;-0,2;86;46;84;4,9;6;4;2;NNE;0,8;NNE;1;ENE;0,5;0,8;0;●*;;;;;;
22 02 2012;996,6;994,6;993,9;-3,2;7,3;1,8;1,9;9;-3,3;97;51;65;4,8;10;1;0;ENE;0,5;  E;1,1;  N ;0,9;    ;  ;   ;;;;;;
23 02 2012;990,5;986,7;987,3;-3,2;9;6,4;4,7;10,1;-3,5;93;50;72;5,7;2;6;10;  E;0,3;  E;0,5;  S ;0,7;    ;  ;   ;;;;;;
24 02 2012;989;986,3;985,4;0;16,2;12;10,1;20,4;-0,2;93;36;36;5,8;3;4;3;NNE;0,9;  S ;0,7;WSW ;1,6;0;  ;  ;;;;;;
25 02 2012;984,2;981,1;979,9;1,4;17,6;10;9,8;18,2;1,4;85;35;55;6,5;5;6;6;NNE;0,5; NW ;1,2;NNW ;0,9;    ;  ;   ;;;;;;
26 02 2012;978,3;978,7;982,3;3,8;11;6,4;6,9;11,3;3,4;88;51;42;6;7;4;6;NNW ;0,6;NNE;2,1;  S ;0,7;    ;  ;   ;;;;;;
27 02 2012;986,1;985,8;987,3;0,8;8,3;3;3,8;9;0,7;73;35;53;4,2;2;1;2;SSE ;3,2;  S ;1,5; NE;0,7;0;  ;  ;;;;;;
28 02 2012;987,5;984,1;981,7;-2,2;7,9;7,7;5,3;10,5;-2,3;86;51;56;5,3;3;6;5;ESE ;0,6;ENE;1,4;  W ;1;    ;  ;   ;;;;;;
29 02 2012;981;981,1;984,9;1,6;21,1;11,5;11,4;21,6;1,5;82;33;60;7,4;2;5;1;ENE;0,7;ENE;0,8;  S ;1,6;    ;  ;   ;;;;;;
1 03 2012;989,3;988,7;988,7;3,2;16,4;9,7;9,8;17,5;3,1;92;50;72;8,4;1;1;0;ENE;0,1;  E;1,2; NW ;0,1;    ;  ;   ;;;;;;
2 03 2012;989;986,6;986,9;2,1;16;11,3;10,2;19;2;95;48;68;8,2;5;8;4;ENE;0,5;ENE;1;NNE;0,7;    ;  ;   ;;;;;;
3 03 2012;989,1;988,3;989,3;4,3;11,8;6,3;7,2;13;3,6;94;54;75;7,5;7;4;0;  N ;0,5; NE;2;ENE;0,6;    ;  ;   ;;;;;;
4 03 2012;987,9;985,3;984,3;1,8;11,5;6,5;6,6;12;1,8;92;42;51;5,7;8;6;6;ENE;0,8;SSW ;0,9; NE;0,5;    ;  ;   ;;;;;;
5 03 2012;982,6;981,4;984,6;2,6;10,6;6,7;6,7;11,8;2,4;69;33;54;4,9;8;5;7;NNE;0,7; NE;2,2;  E;2,1;    ;  ;   ;;;;;;
6 03 2012;986,5;986,1;990,1;0,8;10,7;4,7;5,2;11;0,3;76;34;50;4,5;3;1;0;  N ;1;ENE;3,4;ENE;2,3;    ;  ;   ;;;;;;
7 03 2012;993,1;990,1;986,7;-1,6;7,1;2,8;2,8;8,2;-1,7;58;40;49;3,6;1;0;4; NW ;0,6;  E;1,4; NE;0,6;    ;  ;   ;;;;;;
8 03 2012;984,1;983,9;989,9;-2,6;12,1;7,2;6;13,3;-2,9;82;35;44;4,5;4;1;4;ENE;0,7; NE;1,5;ENE;1,7;    ;  ;   ;;;;;;
9 03 2012;997,1;997,5;1000,3;1,1;11,5;6,7;6,5;12;1,1;75;35;45;4,7;2;3;0; NW ;1,2;  E;4;  E;2,5;    ;  ;   ;;;;;;
10 03 2012;1000,1;995,1;994,1;-1,6;11,4;7,1;6;12,1;-1,8;82;37;40;4,5;1;3;1;ENE;1;  E;4,5;  E;2,4;    ;  ;   ;;;;;;
11 03 2012;990,9;984,3;983,9;-1;14,3;9,6;8,1;15,1;-1,2;81;37;48;5,5;3;4;6;ENE;0,9;  E;1,2;  W ;1,3;    ;  ;   ;;;;;;
12 03 2012;986,1;984,5;987,5;6,9;13;7,8;8,9;13,8;6,4;61;50;70;7;6;1;1; SE ;1;  E;2,7;  E;0,9;    ;  ;   ;;;;;;
13 03 2012;991,5;989,8;990,9;4,1;14,7;9,5;9,5;15;2,6;85;48;69;7,7;9;3;3;WSW ;0,6;  E;1,8;  E;0,6;    ;  ;   ;;;;;;
14 03 2012;991,7;989,4;989,8;3,4;16,1;10,2;10;17,5;3,3;92;41;58;7,3;1;1;3;WSW ;0,5;SSE ;0,8; NW ;0,6;    ;  ;   ;;;;;;
15 03 2012;994,5;993,5;993,7;3,4;11,9;7,7;7,7;14;3,2;89;54;67;7,2;9;1;0;NNE;1,2;  N ;1,8;  N ;0,6;    ;  ;   ;;;;;;
16 03 2012;993,9;990,3;990,9;0,4;19,8;12,6;11,4;21,6;0,3;95;32;36;6,2;0;0;0;  E;0,3;NNE;1,2;WSW ;3,6;    ;  ;   ;;;;;;
17 03 2012;990,7;988,3;989;3,4;18,9;11,6;11,4;18,9;3,2;77;37;67;7,8;1;1;2;NNE;0,7;  W ;4,4;  W ;3,1;    ;  ;   ;;;;;;
18 03 2012;987,9;986,2;985,9;10,7;13,4;11,6;11,8;15;9,4;75;64;76;10;9;9;4;WSW ;1,3;WSW ;3,2;WSW ;3;    ;  ;   ;;;;;;
19 03 2012;986,5;989,3;993,3;9;11,6;9,4;9,9;16,2;8,3;93;79;98;11;9;10;10; NE;0,7;  S ;3,4;  E;0,9;0,1;  ;●;;;;;;
20 03 2012;998,5;997,8;997,9;7,7;15,1;10,8;11,1;16,5;7,7;95;47;60;8,6;5;3;2;  N ;0,6;NNE;1,2;NNE;1,2;21,8;  ;●;;;;;;
21 03 2012;999,9;996,7;996,9;5,5;17,8;12,1;11,9;18,6;5;94;42;61;8,6;5;1;0;  N ;0,3; NE;1,8;  N ;0,3;    ;  ;   ;;;;;;
22 03 2012;997,3;993,4;992,6;5,1;19,7;14;13,2;20,5;4,9;93;35;46;7,8;4;1;1; NE;0,7;SSE ;1,3;NNW ;1,1;    ;  ;   ;;;;;;
23 03 2012;991,8;988,3;988,5;5,2;21,7;14,2;13,8;21,7;5;87;30;41;7,4;5;2;2; NE;0,6;SSW ;3,3;SSW ;3,5;    ;  ;   ;;;;;;
24 03 2012;989,3;986,3;988,5;6,3;20,6;14,1;13,8;21,5;5,5;85;31;50;7,9;6;4;7;NNE;0,6;  N ;1,3;  N ;2,3;    ;  ;   ;;;;;;
25 03 2012;990,1;989,5;990,2;9,7;18,9;12,6;13,5;19,5;9;87;40;55;9;5;5;0;SSW ;0,7; NE;3;ESE ;0,3;0,5;  ;●;;;;;;
26 03 2012;992,9;991,7;993,7;5,1;19;12,1;12,1;20,1;5;89;36;38;7;0;1;1; NE;0,6;  S ;1,7; SE ;0,5;    ;  ;   ;;;;;;
27 03 2012;995,1;990,1;988,7;3,5;18,4;13;12;20;3,4;73;28;46;6,2;1;2;2; NE;0,7;  E;1;  S ;1,4;    ;  ;   ;;;;;;
28 03 2012;991,7;987,5;985,3;6,5;21,9;16,1;15,2;23;4,9;72;32;40;7,6;1;1;1;WNW ;0,5;  E;1,2;  S ;1,9;    ;  ;   ;;;;;;
29 03 2012;983;976,3;974,1;6,9;21,2;16,1;15,1;21,5;6,2;84;34;44;8,4;1;9;4; NE;0,6;  W ;1;WSW ;1,9;    ;  ;   ;;;;;;
30 03 2012;974,2;972,7;974,1;8,1;18,1;14,8;14;21,5;7,8;69;37;49;7,9;6;5;4;  N ;0,8;NNE;0,6;  S ;1,9;    ;  ;   ;;;;;;
31 03 2012;973,3;967,7;967,7;5,7;19;13;12,7;19,9;5,5;82;40;70;9;7;5;3; NE;0,9; SW ;4,8;SSW ;3,7;    ;  ;   ;;;;;;
1 04 2012;978,3;978,6;979,7;2,7;10,2;6;6,2;13;2,5;92;43;53;5,7;10;3;0;  E;2;  E;2,9;NNE;0,4;6,1;  ;●;;;;;;
2 04 2012;979,5;975,9;976,2;0,7;16,6;9,9;9,3;16,8;-0,7;81;35;49;5,9;1;3;2;  E;0,8;SSW ;5,6;WSW ;2,6;0,1;  ;●;;;;;;
3 04 2012;975,5;975,5;975,7;9,9;14;11,2;11,6;14,8;7,8;72;70;91;10,7;10;8;10;WSW ;0,6;WSW ;4,6;WNW ;1,2;    ;  ;   ;;;;;;
4 04 2012;974,5;974,6;975,7;11;17,7;12,7;13,5;17,9;10,8;95;56;93;12,6;10;6;6; NW ;1,2; NW ;2,6;  N ;1;2,9;  ;●;;;;;;
5 04 2012;975,4;974,1;974,2;10,9;17,6;12,8;13,5;17,9;10,5;92;64;83;12,4;9;9;6;ESE ;0,4;NNW ;1,8; NE;1,4;2,2;  ;●;;;;;;
6 04 2012;972,3;971,3;971,3;11,5;15,3;13,9;13,7;17,6;10,9;94;78;73;12,7;10;7;9;  E;0,6;  W ;1,7;  W ;2,1;5,9;  ;●;;;;;;
7 04 2012;968,7;965,1;966,5;10,5;14,6;7,2;9,9;16;7,2;94;68;95;11;6;9;10;  E;0,7;WNW ;1,6;  N ;2,2;17,6;  ;●;;;;;;
8 04 2012;968,3;971,5;976,1;4,7;4,8;3,2;4;7,2;3,2;87;71;47;5,7;10;10;3;ESE ;2,1;  E;3,1;NNE;1,6;26,6;  ;●;;;;;;
9 04 2012;978,7;976,2;976,5;0,5;9,1;5,6;5,2;10,5;-2,2;66;36;41;4;1;2;1;SSE ;1,3;NNW ;1,4;  E;0,6;2;0;●*;;;;;;
10 04 2012;977,5;974,2;973,5;1,1;15,4;9;8,6;15,8;-0,6;77;28;41;4,9;6;3;0;ENE;0,5;SSW ;3,8;WSW ;2,9;    ;  ;   ;;;;;;
11 04 2012;970,1;967,3;966,1;7,6;9,8;8,5;8,6;11,5;7,4;72;77;95;9,1;9;10;10;WNW ;2,4;  N ;1,8; NW ;0,7;    ;  ;   ;;;;;;
12 04 2012;967,3;968,6;971;7;15,1;10,3;10,7;15,7;6,3;93;48;50;8;6;4;1;  S ;0,8;  S ;3,8;  W ;1,2;9,6;  ;●;;;;;;
13 04 2012;969,7;967,8;965,4;7,3;12,8;11;10,5;14,5;7;73;66;63;8,5;10;10;9;NNE;0,3;  E;2,2;NNE;1,9;0,1;  ;●;;;;;;
14 04 2012;962,7;961,8;962,5;9,1;12,5;10,8;10,8;13;9;83;60;69;9,1;10;10;10; NE;1,3;  E;3,2;  E;1,4;0,1;  ;●;;;;;;
15 04 2012;962,6;963,7;966,9;8,8;12;10,5;10,5;12,5;8,3;91;82;91;11,1;10;10;10;ESE ;0,2;  S ;2,2;  N ;0,8;0,6;  ;●;;;;;;
16 04 2012;969,1;970,5;973,4;9,4;12,5;10,5;10,7;13,5;9,2;96;71;57;9,6;10;10;6; NW ;0,7;NNE;0,9;ENE;1,7;7,6;  ;●;;;;;;
17 04 2012;975,8;973;973;6,1;13,8;8,8;9,4;14,5;3,3;68;35;48;5,8;4;5;8;SSE ;1;  E;3,3;  E;1,3;0,3;  ;●;;;;;;
18 04 2012;968,9;964,9;963,7;6,8;12,5;10,4;10;13,4;6,3;68;42;63;6,9;8;8;4;NNE;1;ENE;1,2;ENE;1,2;    ;  ;   ;;;;;;
19 04 2012;962,7;962,2;963,5;8;13,4;10,2;10,5;16,2;7,3;89;56;67;8,9;8;6;5;NNE;1;  N ;2,9; NW ;0,8;0,6;  ;●;;;;;;
20 04 2012;963,1;963,8;967,1;9,2;10,3;8,3;9;14,6;8;86;88;94;10,4;8;9;1;NNW ;1,1;NNW ;2,4; NW ;0,6;1,2;  ;●;;;;;;
21 04 2012;970,6;972,9;974,1;8,2;14;11,2;11,2;16,3;6,9;87;57;54;8,6;8;6;3;  N ;0,7;  S ;3,6;  W ;1,4;13,3;  ;●;;;;;;
22 04 2012;973,4;971,9;976,9;9,6;13,1;6,1;8,7;15,5;6,1;81;76;96;10,1;6;8;10;ENE;0,7; NW ;1,8;ENE;0,4;1,4;  ;●;;;;;;
23 04 2012;976,6;974,7;973;6,6;10,7;10;9,3;13;5,2;91;71;79;9,2;9;9;9;  N ;1,1;NNW ;1,1; SW ;0,6;17,1;  ;●;;;;;;
24 04 2012;970,2;967,7;969,5;7,2;10;11;9,8;14;5,5;92;85;77;9,9;9;9;6; NE;1,5;SSE ;6,5;  W ;1;2,1;  ;●;;;;;;
25 04 2012;975,4;976,9;979,1;7,5;17,4;13,5;13;18,7;5,1;83;42;51;8,3;3;5;4;WNW ;1,2;SSW ;4,8;  W ;3;10,2;  ;●;;;;;;
26 04 2012;981,1;982,5;983,7;12,3;19,4;13,8;14,8;20,1;9,3;68;32;48;8,2;3;4;3;NNW ;1,1;  W ;5,7;SSW ;3,7;0,1;  ;●;;;;;;
27 04 2012;983,8;983,1;984,5;13,3;26,1;18,4;19,1;28,3;11,1;59;34;53;10,5;1;1;0;WNW ;1,6;WSW ;2,3;  N ;0,8;    ;  ;   ;;;;;;
28 04 2012;986,7;983,9;983,9;13,3;27,9;20,7;20,7;28,6;10,2;80;34;45;12;1;1;1;ENE;0,4;ENE;1,9;  S ;1;    ;  ;   ;;;;;;
29 04 2012;983,7;981,7;982,1;13,8;27;20,3;20,4;27,6;12;83;34;43;11,9;4;6;6; NE;0,5;WSW ;5;  S ;2,7;    ;  ;   ;;;;;;
30 04 2012;982,5;980,3;981;16,6;26,6;18,3;20;27;12,6;68;35;68;13,2;5;6;2;  E;0,6;  S ;1,6;  N ;0,6;    ;  ;   ;;;;;;
1 05 2012;982,7;980,1;981,7;15,1;26,4;16,3;18,5;26,9;11,8;79;35;88;14;2;6;2; SW ;0,3;WNW ;0,8; NW ;1,4;0,1;  ;●;;;;;;
2 05 2012;980,9;977,9;977,7;14,1;24;18;18,5;25,2;12;93;50;62;14,2;10;6;4; NW ;0,6;  E;0,7;  W ;0,8;5,8;  ;●;;;;;;
3 05 2012;976,5;973,3;973,3;12;24,4;17,1;17,7;25;10;89;30;49;10,4;4;2;3;NNE;1,7;WSW ;3; SW ;2,8;4,2;  ;●;;;;;;
4 05 2012;974,1;971,8;974,1;12,3;23,7;15,9;17;23,7;11,5;75;35;64;10,9;6;5;3;ENE;0,6;  W ;3; SW ;1,8;    ;  ;   ;;;;;;
5 05 2012;973,9;973,9;975,5;15,4;20,6;14,7;16,4;21,8;11,5;59;36;61;9,8;4;4;6;  W ;2,6;  W ;4,5; NW ;1;    ;  ;   ;;;;;;
6 05 2012;976,6;977,4;977,7;13,5;15;14;14,1;18,3;10,9;85;86;93;14,2;8;10;7;WSW ;1,8;  W ;1,2;  N ;0,8;0,8;  ;●;;;;;;
7 05 2012;978,9;981,9;983,9;11,8;15,5;11,9;12,8;16,4;11,8;94;65;77;11,8;10;8;1;NNE;0,5; SE ;1,4;  N ;0,7;19,7;  ;●;;;;;;
8 05 2012;985;982,2;982,9;11,1;22,3;16,7;16,7;23,5;8;84;39;56;10,8;8;4;3;SSE ;0,8;  S ;2,7;SSW ;2,7;8;  ;●;;;;;;
9 05 2012;984,1;983;985,7;14,1;25,2;18,6;19,1;25,6;10,5;78;36;56;12,1;1;4;2;NNW ;0,5;SSE ;2,7;  S ;1,7;    ;  ;   ;;;;;;
10 05 2012;990,1;988,7;990,2;13,9;25,5;19,7;19,7;26,5;11,7;83;37;50;12,2;5;3;1;WNW ;0,6;  E;1,9; NE;0,6;    ;  ;   ;;;;;;
11 05 2012;991,9;989,3;988,2;15,7;27,6;20,7;21,2;28,5;12,5;74;40;59;14,1;2;2;2;SSE ;0,9;  E;1,7;NNE;0,6;    ;  ;   ;;;;;;
12 05 2012;985,9;981,8;984,9;15,9;30;18;20,5;31,2;14;83;40;80;16,1;4;5;10;  N ;0,5;NNE;4,1;  E;5,4;    ;  ;   ;;;;;;
13 05 2012;992,3;987,9;985,9;4,9;9,8;9,2;8,3;18;4,9;90;73;78;8,6;10;9;4;SSW ;2,2; SE ;1,7;  E;1,6;41,3;  ;●;;;;;;
14 05 2012;982,9;979,7;979,5;9,9;14,8;11,6;12;15,5;8,5;45;37;44;5,9;7;5;7;  E;3,8;ENE;5,4;  E;3,6;    ;  ;   ;;;;;;
15 05 2012;977,4;973,9;973,7;8,9;18,3;14,5;14,1;19,5;7,3;68;40;55;8,4;6;4;4; NW ;1,2;  S ;2,7;  E;0,9;    ;  ;   ;;;;;;
16 05 2012;976,1;977,8;979,3;7,8;7,9;7,7;7,8;14,5;7,2;88;85;86;9,2;10;10;10;WNW ;1,7;  N ;0,3;SSW ;1;2,9;  ;●;;;;;;
17 05 2012;982,9;982,6;983,5;9,5;16,9;12;12,6;17,6;5,2;62;33;45;6,7;1;4;1;  S ;1,7;  W ;1,6;  E;1,5;9;  ;●;;;;;;
18 05 2012;984,2;980,9;981,7;8,3;16,9;13,6;13,1;18,8;5;68;39;49;7,5;1;4;1; NE;0,7;NNE;1,5;  E;1,5;    ;  ;   ;;;;;;
19 05 2012;983,1;980,5;980,1;9,3;21;17,3;16,2;22,6;5,8;80;43;46;9,7;0;1;5; NE;1;  S ;1,4;SSE ;0,9;    ;  ;   ;;;;;;
20 05 2012;979,5;977,1;976,1;12,3;23,8;17,3;17,7;24,5;8,9;78;39;60;11,5;1;7;7;  E;1,2;  S ;3,1;SSW ;2,8;    ;  ;   ;;;;;;
21 05 2012;973,1;971,3;971,3;13,1;15,6;13,1;13,7;17,3;12,9;92;83;97;14,5;10;10;7;  E;1,2;  N ;1,8;WSW ;0,3;4,7;  ;●;;;;;;
22 05 2012;970,3;970,9;974,1;10,5;14,7;13,5;13,1;15;10,3;95;86;88;13,4;9;10;10;  W ;0,6;SSW ;1,6; SW ;1,6;17,4;  ;●;;;;;;
23 05 2012;976,9;978,6;982,2;13,6;20,7;16,9;17;24,6;12,7;88;63;89;15,4;9;9;7;  S ;0,8;NNW ;1,7;  E;3,1;4,2;  ;●;;;;;;
24 05 2012;982,3;981,5;984,3;16;25,2;16,2;18,4;26,6;13,3;88;44;92;15,7;4;5;6;NNE;0,4;NNW ;3,3;  W ;0,2;3,7;  ;●;;;;;;
25 05 2012;984,3;982,9;984,9;15;23,1;14,6;16,8;23,5;11,2;78;35;69;11,6;4;4;4;WSW ;1,6;ENE;3,3; NE;1,3;1,7;  ;●;;;;;;
26 05 2012;984,2;983,7;984,3;11,2;18,9;15,4;15,2;20,4;9,8;89;40;48;9,7;3;7;3;NNE;0,6; SW ;1;ENE;1;0;  ;  ;;;;;;
27 05 2012;983,9;981,4;981,3;12,6;22,5;18,1;17,8;23,4;9,1;73;33;42;9,5;4;5;9;  S ;0,6;ENE;2,8;  E;0,8;    ;  ;   ;;;;;;
28 05 2012;980,5;978,2;978,7;14,3;21,2;17;17,4;23;12,7;80;41;55;11,4;9;5;6;SSE ;0,5;  N ;1,5;  W ;0,8;0,3;  ;●;;;;;;
29 05 2012;978,1;976,3;978,9;13,9;23,5;17,6;18,2;24,2;12,5;83;39;80;13,6;6;4;6;  S ;0,8;ENE;2; NE;1,5;0,5;  ;●;;;;;;
30 05 2012;982,1;980,7;983;15,1;26,3;18,3;19,5;26,6;12;80;30;60;12,2;6;6;7; NE;1,2;  S ;3,2; NW ;0,7;0;  ;  ;;;;;;
31 05 2012;984,2;982,6;982,1;15,8;21,5;19,4;19;24,8;15;78;63;72;15,5;5;8;5;NNW ;0,2;  W ;0,8;  N ;0,2;0,1;  ;●;;;;;;
1 06 2012;978,1;977,8;979,8;17,7;24,1;19,7;20,3;25,5;15,7;77;56;71;16,3;6;5;10;NNW ;0,8;  W ;1,8;  S ;1,7;2,1;  ;●;;;;;;
2 06 2012;981,9;981,5;980,7;15,4;16,6;17,5;16,8;19,7;15,3;88;80;84;15,8;10;10;10;  E;1,2;  N ;0,6;NNW ;0,4;10,2;  ;●;;;;;;
3 06 2012;980,2;978,9;976,7;19,7;22,7;20,1;20,7;25;16;72;57;70;16,2;4;9;4;WSW ;2,8;SSW ;4,4;  W ;2,2;    ;  ;   ;;;;;;
4 06 2012;975,3;973,7;974,9;19,6;22;13,8;17,3;22,2;13,8;63;53;93;14,4;4;10;10;WSW ;1,8;WSW ;1,3; NW ;0,2;    ;  ;   ;;;;;;
5 06 2012;976,5;977;980,9;13,7;21,8;16,4;17,1;22,4;13;91;42;66;12,5;9;8;8; NW ;0,8;SSE ;1,3;  E;1,5;28,1;  ;●;;;;;;
6 06 2012;981,1;977,7;977,3;13;23,2;18,2;18,2;23,8;11,9;67;41;60;11,4;9;5;3;  S ;0,3;WSW ;4;SSW ;1,7;0,1;  ;●;;;;;;
7 06 2012;978,9;977,1;976,7;15,8;23,1;20;19,7;24,9;12,8;75;56;63;14,8;5;9;3; NW ;0,6;WSW ;3,3; SW ;2,4;    ;  ;   ;;;;;;
8 06 2012;978,1;977,8;978,6;20,5;27,8;21,8;23;28,2;16,2;56;43;57;14,9;4;6;3; SW ;3,5;  W ;3,6;  W ;1,8;    ;  ;   ;;;;;;
9 06 2012;980,7;980,9;979,1;16,7;17,6;17,1;17,1;21,8;15,6;91;88;97;18;10;10;9;WSW ;1,5;  N ;1,3; NE;1,1;0,7;  ;●;;;;;;
10 06 2012;976,6;973,9;973,3;18;23,4;19,7;20,2;24;16,4;86;43;51;13,9;9;7;9;  E;2,8;WSW ;4,5;SSW ;0,6;17,4;  ;●;;;;;;
11 06 2012;971,8;970,7;970,2;17;18;17,2;17,4;19,7;15,4;77;88;91;17;9;9;6;SSW ;1,4;WNW ;0,7;  E;1;2,8;  ;●;;;;;;
12 06 2012;969,5;968,2;969,8;14,2;15,5;12,4;13,6;18,5;12,4;95;89;93;14,9;10;9;4;ENE;0,6;WSW ;1,7;NNW ;0,4;11,9;  ;●;;;;;;
13 06 2012;975;977,7;981,9;12,3;15,7;14,3;14,2;19,4;11,3;94;79;91;14,1;9;9;9;  E;0,2;SSE ;2,4;SSW ;3,3;37,8;  ;●;;;;;;
14 06 2012;984,6;982,7;983,8;12,1;22,8;18,7;18,1;24,5;11;93;42;53;12,1;9;4;3; SW ;0,6;  W ;0,8;  S ;2;13,9;  ;●;;;;;;
15 06 2012;986,7;985,7;986,5;14,8;26,2;21,4;21;27,1;11,8;70;37;46;12,1;2;5;0;SSE ;0,7; SW ;2;  S ;1,4;    ;  ;   ;;;;;;
16 06 2012;987,8;985;984,9;16,8;29,1;22,6;22,8;31;13;78;37;50;14,6;0;1;1;SSE ;0,5;  E;1,5;SSW ;0,9;    ;  ;   ;;;;;;
17 06 2012;986,1;984,6;985,5;17,3;30,7;24,3;24,2;31,7;13,7;76;37;57;16,2;0;1;1;ENE;0,9;  E;1,6;ESE ;1;    ;  ;   ;;;;;;
18 06 2012;985,1;982,6;982,3;21,5;30,2;25,8;25,8;32;17,2;74;41;58;18,6;0;1;1;SSE ;0,5;ENE;0,9;ENE;0,8;    ;  ;   ;;;;;;
19 06 2012;983,1;981,8;981,8;22;31,6;25,9;26,4;32,3;19,2;76;37;61;19,3;1;1;1;ESE ;0,5; SE ;1,3;ENE;0,9;    ;  ;   ;;;;;;
20 06 2012;980,7;977,9;976,7;21,9;33,2;26,6;27,1;33,3;19,4;81;40;45;19,1;1;1;6; NE;1,2;WSW ;2,8; SW ;3;    ;  ;   ;;;;;;
21 06 2012;976,3;974,3;975;23,5;33,6;25,4;27;34,3;20,6;66;34;46;17,2;1;4;1;WNW ;0,6; SE ;2;  W ;0,6;    ;  ;   ;;;;;;
22 06 2012;980,5;983,1;984,2;20,3;25,7;22,8;22,9;27,6;19,5;78;57;63;18,4;9;8;1; NW ;2,9; SE ;2; SE ;0,5;0;  ;  ;;;;;;
23 06 2012;986,9;986,6;986,9;19;25,2;21,9;22;26,1;17,2;86;47;60;16,6;7;7;2;NNE;0,9; NE;2,4; NE;1;    ;  ;   ;;;;;;
24 06 2012;986,9;982,3;979,5;19,5;28,3;24,5;24,2;29,4;16,8;72;42;57;16,6;2;4;6;NNE;0,5;  S ;1,9;  E;0,5;    ;  ;   ;;;;;;
25 06 2012;978,3;975,5;982,3;20,8;27,1;16,7;20,3;27,1;16,7;77;59;92;19,2;6;6;9;  S ;0,5;NNE;3,1;  E;1;    ;  ;   ;;;;;;
26 06 2012;985,8;984,3;984,6;16,5;24,5;21,2;20,9;26,1;14,7;84;39;43;12,9;5;4;1;NNW ;1,3;  E;2,1;  E;1,7;4,9;  ;●;;;;;;
27 06 2012;987,3;984,1;982,9;17,5;27;22,5;22,4;28;14,4;73;37;56;14,4;1;2;1; NE;0,7;  E;1,7;  E;0,5;    ;  ;   ;;;;;;
28 06 2012;982,1;979,4;979,3;19,3;30,8;25;25;31;16;76;38;43;15,9;2;1;5;NNE;1;  W ;2,8;  S ;2,2;    ;  ;   ;;;;;;
29 06 2012;979,9;978,7;980,1;21,5;32,5;26;26,5;33,1;17,4;68;39;55;18,3;2;1;1;NNE;1,3;WSW ;4,1;WSW ;1,2;    ;  ;   ;;;;;;
30 06 2012;980,7;979,9;980,2;23,3;33,1;27,1;27,7;34;20,4;73;40;50;19,6;0;2;0; NE;0,8;  W ;3,5;  S ;1,5;    ;  ;   ;;;;;;
1 07 2012;980,5;979;980,1;22,7;34,8;27,6;28,2;36;19,9;73;35;53;19,7;0;1;0;NNE;1,3;  W ;2,9; SW ;0,5;    ;  ;   ;;;;;;
2 07 2012;983;980,6;980,3;23,4;32,6;27,4;27,7;33,5;20,5;68;43;64;21,4;0;4;4;WNW ;0,6;  E;2,8;ENE;1,3;    ;  ;   ;;;;;;
3 07 2012;980,2;977,8;978,5;23,9;32,5;26;27,1;33,7;21,7;77;44;74;23,1;3;4;3;  S ;0,7;ENE;0,8;  E;0,4;    ;  ;   ;;;;;;
4 07 2012;979,7;977,4;977,4;20,4;31,7;26,3;26,2;32,8;19,5;91;35;67;20,4;1;4;1;ESE ;1; NW ;1,2;  N ;0,1;    ;  ;   ;;;;;;
5 07 2012;977,7;978,5;978,3;22,3;21,7;19,7;20,9;31,6;18,6;81;82;93;21,5;5;9;2;NNE;0,6;WSW ;2,3; NE;0,8;    ;  ;   ;;;;;;
6 07 2012;978,1;978,5;978,6;18,4;20,5;19,2;19,3;26,6;17,7;94;84;92;20,2;10;9;4;  S ;0,7;WSW ;3,2;WSW ;1,4;30,4;  ;●;;;;;;
7 07 2012;979,3;977,4;978,3;17;30,8;23,7;23,8;31,5;16,6;93;42;55;17,7;9;4;1;NNE;0,5;WNW ;3,7; SW ;1,4;7,9;  ;●;;;;;;
8 07 2012;979,3;977;977;20,3;31;25;25,3;31,5;17,5;76;35;36;15,1;0;2;1;ENE;1,6; SW ;3,7; NW ;1,7;0;  ;  ;;;;;;
9 07 2012;978,6;975,9;976,2;21,1;30,6;22,4;24,1;31,4;17,2;67;39;89;19,3;0;4;3; NE;1,2;ESE ;2,4;SSW ;0,3;    ;  ;   ;;;;;;
10 07 2012;980,7;978,1;979,1;20,9;28,9;21,5;23,2;29,8;18,6;66;46;80;18,3;3;7;1; NW ;1; SE ;2,4; NW ;1,3;6,1;  ;●;;;;;;
11 07 2012;981;977,3;977,4;17,8;28,6;23,7;23,5;30,7;17,1;92;47;64;18,8;5;3;5;NNE;1,1;  N ;1,8;NNW ;3,1;6,9;  ;●;;;;;;
12 07 2012;981,1;980,1;981;17,5;22,3;20,9;20,4;24;16,3;93;68;70;18,1;9;10;9;NNW ;1,2;ENE;2,7; NE;2;36,8;  ;●;;;;;;
13 07 2012;980,5;977,1;977,1;18,2;21,3;18,7;19,2;22,8;18;67;57;69;14,6;9;9;8; NE;2,6;ENE;1,6;ENE;2,3;    ;  ;   ;;;;;;
14 07 2012;976,1;974,9;974,6;18,3;28,1;24,3;23,8;28,7;15,5;78;48;70;18,6;1;8;6;NNE;0,2;  W ;0,8;WSW ;0,8;    ;  ;   ;;;;;;
15 07 2012;978,7;981,1;982,5;16,3;17,5;17,2;17,1;24,3;15,4;82;68;72;14,3;9;8;6;ESE ;2,6; NE;0,7; NE;0,3;2;  ;●;;;;;;
16 07 2012;987,3;987,5;989,1;15,4;23,1;19,1;19,2;23,9;15,1;85;44;55;13,2;9;4;3;NNW ;0,3; SE ;1,7; NE;1,1;1,7;  ;●;;;;;;
17 07 2012;989,5;986,2;986,5;15,6;25,4;21,7;21,1;26,6;12,7;79;38;58;13,8;3;1;6;  N ;0,9;  W ;1,5;ENE;1,5;    ;  ;   ;;;;;;
18 07 2012;987,7;983,9;982,3;19;28;22,7;23,1;29,1;15,9;70;37;44;13,8;1;1;0;ENE;1,7; SW ;2,1; SW ;1,5;    ;  ;   ;;;;;;
19 07 2012;980,6;976,5;978,3;17,8;31,8;24,3;24,6;32,5;15,8;83;31;57;16,2;1;1;2;NNE;0,7;  W ;3,5;NNE;1,2;    ;  ;   ;;;;;;
20 07 2012;980,3;978,2;977,1;20,7;28,9;24,7;24,8;30;17,6;75;45;59;18,1;3;4;6; NE;1,1;  E;2,3;  N ;0,6;    ;  ;   ;;;;;;
21 07 2012;981,1;982,1;983,9;17,9;16,8;15,4;16,4;24,7;15,3;83;92;88;16,7;9;10;8;  E;1,1;  N ;1,8;NNE;0,1;0,4;  ;●;;;;;;
22 07 2012;985,3;985,4;987,4;14,9;19,4;17,4;17,3;19,6;14,6;93;65;57;14;9;9;9;NNE;0,6;ESE ;0,7;  E;2,8;13,8;  ;●;;;;;;
23 07 2012;988,7;987,5;987,4;15,3;23,2;21;20,1;23,3;13,8;77;45;50;12,9;9;5;9;ENE;1,1; NE;5,4;NNE;0,9;1,3;  ;●;;;;;;
24 07 2012;985;982,3;981,8;18,5;27,7;18,2;20,7;27,9;16,2;76;48;91;17,7;8;8;5;  N ;0,2;  E;4,4;  N ;1,1;    ;  ;   ;;;;;;
25 07 2012;979,5;979,1;980,7;17,8;23,6;20,1;20,4;24,2;17;94;58;86;18,8;10;7;4;NNE;0,3;ENE;0,9;  N ;0,7;5,6;  ;●;;;;;;
26 07 2012;982,1;980,9;981,4;18,5;27,7;23,3;23,2;28,7;17,6;91;52;67;19,3;9;4;3; NE;1,1;ENE;1,2;NNW ;0,4;0,1;  ;●;;;;;;
27 07 2012;982,6;979,9;979,7;21;32,2;25,3;26;32,3;18,3;80;39;59;19,3;0;2;0;ENE;0,7;  E;1,8;  N ;0,2;    ;  ;   ;;;;;;
28 07 2012;978,9;975,9;975,7;20,1;33,5;26,1;26,5;33,9;18,8;90;39;48;19,2;0;4;2; NE;0,6;WSW ;4; NE;0,3;    ;  ;   ;;;;;;
29 07 2012;976,1;974,5;979,3;20,7;32;23;24,7;33;19,4;87;38;55;18,3;0;5;6;NNW ;0,2;  W ;3,6;ESE ;1,3;    ;  ;   ;;;;;;
30 07 2012;983;981,9;983,4;20;27,8;23,1;23,5;28,4;18,4;74;42;49;15,6;6;3;7; NE;1;ENE;2,8; NE;1;    ;  ;   ;;;;;;
31 07 2012;984,5;982,6;983,1;20,1;28;23,6;23,8;29,2;19,6;74;46;52;16,6;6;1;1;  N ;1,8;ESE ;1,8;ENE;0,5;    ;  ;   ;;;;;;
1 08 2012;984,5;981,5;981,3;21,1;29,9;24,6;25,1;30,5;16,6;66;50;46;17,3;1;1;0; NE;0,2;  E;1,6;  E;1,1;    ;  ;   ;;;;;;
2 08 2012;981,4;980,5;980,7;20,3;32;26,4;26,3;33;17;72;37;38;16;3;3;2; NE;0,3;ENE;3,2;  E;0,8;    ;  ;   ;;;;;;
3 08 2012;980,5;978,1;980,1;20;33,5;25,3;26;34;18,3;82;33;57;18,2;0;4;4; NE;0,2; SE ;2,2;ENE;2,7;    ;  ;   ;;;;;;
4 08 2012;981,9;978,9;978,1;22,2;31,6;26,3;26,6;33;19,5;76;41;64;20,5;2;2;2;NNE;0,4;NNE;1,8;SSW ;2,3;    ;  ;   ;;;;;;
5 08 2012;979,3;977,1;977,9;20,5;34,6;28,3;27,9;35,7;18,6;70;30;39;16,1;3;2;1;   ;0;SSW ;1,9;WSW ;3,4;    ;  ;   ;;;;;;
6 08 2012;980,1;978,9;978,1;22,2;33,2;27,2;27,5;34,9;19,8;66;37;50;18,3;1;3;0; NE;0,1;WSW ;3,8;WSW ;1,6;    ;  ;   ;;;;;;
7 08 2012;984,7;985,3;985,9;22,8;28,6;23,8;24,8;29,6;21;68;45;61;18,2;8;4;1;  E;2;ENE;3; NE;0,8;    ;  ;   ;;;;;;
8 08 2012;987,3;985,5;986,5;19,6;28,9;23,2;23,7;29,6;18,9;69;37;54;15,3;7;3;2;  N ;0,6;  E;2,8;ENE;2,6;    ;  ;   ;;;;;;
9 08 2012;987,8;984,9;987,3;19,3;27,3;19,1;21,2;28,5;17,5;73;43;75;16,1;4;5;6; NE;0,8;ESE ;2,5;NNE;1,7;    ;  ;   ;;;;;;
10 08 2012;987,4;984,5;984,9;14,6;26,8;22,2;21,5;27,7;13,8;96;35;43;13,3;10;5;4;WNW ;0,8;  E;3,4;NNE;1,1;0;  ;  ;;;;;;
11 08 2012;984,3;982,3;984,3;16,4;20,4;17,2;17,8;26,7;15;83;46;72;13,5;3;7;3; NE;0,9; NE;9,4;  E;1,8;0;  ;  ;;;;;;
12 08 2012;983,5;980,7;980,7;14,4;22,8;19,8;19,2;24,6;12,3;85;42;52;12,5;1;4;6;ENE;0,9;  E;1,7; NE;1,8;0,1;  ;●;;;;;;
13 08 2012;981,5;978,9;979,3;14,7;27;23,1;22;28;12,5;77;33;48;12,8;9;1;8;SSW ;0,5;  E;2,4; NE;1,2;    ;  ;   ;;;;;;
14 08 2012;980,7;978,3;980,5;17,2;28,7;23,8;23,4;29,9;16,4;77;33;47;14;5;2;1;NNE;1,1;NNW ;1,3;  E;2;    ;  ;   ;;;;;;
15 08 2012;981,4;977,9;978,9;17,8;31,1;24,9;24,7;32,4;16;69;37;50;15,5;3;1;2;NNE;0,5;SSW ;1,8; SW ;1,9;    ;  ;   ;;;;;;
16 08 2012;979,8;978,9;984,3;20,4;29,8;19;22,1;32,1;18,7;77;44;93;19,1;4;7;4;NNE;1,2; SW ;2,8;  W ;0,5;    ;  ;   ;;;;;;
17 08 2012;986,1;984,7;985,4;17,2;28,1;22,8;22,7;29,3;17;90;44;69;17,8;5;1;1;  N ;1,2;  E;1,4;NNE;1,6;20,4;  ;●;;;;;;
18 08 2012;987,8;986,2;987,7;19,2;29,8;23,9;24,2;30,6;16,7;82;40;60;17,7;1;1;1; SE ;0,4;ESE ;1,8;  E;1,1;    ;  ;   ;;;;;;
19 08 2012;989,5;987,9;988,1;19,1;31,1;23,9;24,5;32;16,9;76;34;60;16,7;1;1;0;NNW ;0,4;  S ;2,2;  E;0,5;    ;  ;   ;;;;;;
20 08 2012;989;986,1;985;18,8;32,7;23,6;24,7;34,2;16,6;81;33;51;16,2;0;0;0;ENE;0,9;  E;1,8;  N ;0,9;    ;  ;   ;;;;;;
21 08 2012;984,9;982,3;982,5;18;34;25,3;25,7;36;16,2;77;30;57;16,8;2;2;1;  E;0,3;  S ;0,7;NNW ;0,7;    ;  ;   ;;;;;;
22 08 2012;982,6;980,3;981,5;21,1;36,5;28,1;28,5;37,1;17,6;70;25;51;17,4;1;3;1; NE;0,6; SW ;3,1;WNW ;1,2;    ;  ;   ;;;;;;
23 08 2012;983,5;981,1;980,1;22,5;27,8;23,8;24,5;31;20,9;71;56;77;20,9;9;1;1; NW ;2,8;NNE;1,7;  W ;0,2;    ;  ;   ;;;;;;
24 08 2012;979;976,6;977,3;20,5;35,4;26,6;27,3;35,7;18,4;82;28;50;17,7;0;1;0;SSE ;0,6;  W ;3,2; SW ;1,8;2,3;  ;●;;;;;;
25 08 2012;978,1;976,5;976,3;19,3;34,7;25,4;26,2;35;18;80;25;45;15,4;1;2;1; NE;0,6;NNE;3,8;NNE;0,2;    ;  ;   ;;;;;;
26 08 2012;976,1;979,1;984,5;19,4;17,6;12,4;15,5;25,4;12,4;75;96;84;16,1;9;10;10;NNW ;0,6;NNE;2;WNW ;1,2;    ;  ;   ;;;;;;
27 08 2012;986,7;985,8;987,3;10,7;23,8;17,4;17,3;25,1;10,3;94;32;71;11,9;7;2;0;  E;0,7; NW ;1,6;NNE;0,8;42;  ;●;;;;;;
28 08 2012;988,1;985;984,5;12,7;26,7;20,7;20,2;28,8;11,5;90;37;62;13,8;1;0;4; NE;0,6;  N ;1,6;ENE;0,7;    ;  ;   ;;;;;;
29 08 2012;986,3;985,1;985,5;16,1;27,9;20,8;21,4;28,6;15;89;44;66;16,4;2;6;1; NE;0,6;  E;3;NNW ;0,7;    ;  ;   ;;;;;;
30 08 2012;984,9;981,9;980,3;15,8;28,8;22,6;22,5;29,6;14,6;87;35;50;14,4;1;4;5;ENE;0,7; NE;1,6;  E;0,6;    ;  ;   ;;;;;;
31 08 2012;978,9;978,9;979,1;17,7;17,7;17,1;17,4;22,6;16,9;90;95;96;18,8;9;10;10;SSW ;1,4; NE;1,7; NE;1,3;1,5;  ;●;;;;;;
1 09 2012;982,6;985,1;986,5;14,7;15,6;15,3;15,2;17,1;14,2;93;86;98;16;9;10;10; NE;1,5;  N ;0,8;NNE;2,1;49,5;  ;●;;;;;;
2 09 2012;987,1;986,9;986,9;15,6;21,6;18,4;18,5;23;15,3;95;71;92;18,2;10;6;4;NNE;0,3;  S ;1,4; NE;0,7;22,5;  ;●;;;;;;
3 09 2012;985,3;983,4;982,9;15,9;25,3;21,4;21;26,2;15,8;97;55;81;18,7;10;6;10;  N ;0,5;ENE;1,9;  W ;0,9;0,3;  ;●;;;;;;
4 09 2012;982,7;981,8;982,3;18,9;26,4;21,9;22,3;27,2;18,6;94;65;69;20,3;10;1;6;  N ;0,3;SSE ;1,5;NNE;1,6;0,2;  ;●;;;;;;
5 09 2012;982,3;980,7;981,1;17,3;26,4;21;21,4;26,7;17;92;45;75;17,5;6;6;4;ENE;0,9;ENE;2,4;NNW ;1,4;    ;  ;   ;;;;;;
6 09 2012;983,4;985,3;988,2;16,4;22,8;19,2;19,4;24;16,1;94;57;75;16,8;6;7;6; SW ;0,7;  S ;3,4;ESE ;1,2;10,8;  ;●;;;;;;
7 09 2012;991,1;988,5;988,3;15,1;22,5;16,8;17,8;23,4;14,5;74;45;68;12,7;6;1;0; NE;1;SSE ;2; NW ;0,9;0,1;  ;●;;;;;;
8 09 2012;989;986,3;985,8;10,8;25,7;17,8;18;26;10,5;95;33;69;12,5;2;1;0;ENE;0,8;SSE ;1,6;NNW ;0,4;    ;  ;   ;;;;;;
9 09 2012;986,5;984,7;984,5;12,8;27,4;19,3;19,7;27,4;12;93;38;66;14,2;1;1;0;NNE;0,2;  E;1,6;NNE;0,8;    ;  ;   ;;;;;;
10 09 2012;985;983,4;984,5;15,3;27,5;19,3;20,4;28,3;13,8;87;41;76;15,8;8;4;2; NE;0,8;SSE ;2,2;  N ;0,3;    ;  ;   ;;;;;;
11 09 2012;984,3;980,6;980,3;16,2;27,7;20,7;21,3;28,8;14,4;90;42;72;16,6;4;3;0; NE;1,2;ESE ;1,8;SSW ;1,3;    ;  ;   ;;;;;;
12 09 2012;977,8;974,2;969,1;16;19,5;17,2;17,5;21,4;15,1;92;89;96;18,7;7;7;10;  N ;0,9;NNE;1,2;  E;3,1;    ;  ;   ;;;;;;
13 09 2012;972,7;975,7;977,7;9,3;10,1;10,2;10;17,2;8,8;92;93;91;11,2;10;10;10;SSW ;1;SSW ;1;SSW ;1,2;70,1;  ;●;;;;;;
14 09 2012;978,1;977;978,7;11,2;15,6;13,5;13,5;17,5;10,2;85;63;70;11,2;9;9;9; NE;0,3;SSE ;1,2;SSE ;0,8;9,2;  ;●;;;;;;
15 09 2012;980,9;980,3;983,3;11,3;21,1;16,2;16,2;21,2;11,3;88;49;76;12,7;8;3;8;  N ;1,1; SE ;1,4;NNE;1,2;    ;  ;   ;;;;;;
16 09 2012;984,7;982,5;983,1;12,2;19,6;13;14,5;19,8;11,4;90;46;84;12;8;8;1;  N ;0,8;  E;3;ENE;0,8;0;  ;  ;;;;;;
17 09 2012;982,9;981,4;982,7;8,7;22,1;15,2;15,3;23;7,9;96;47;84;12,7;4;3;3;NNW ;0,3; SW ;2,2;NNE;0,3;    ;  ;   ;;;;;;
18 09 2012;982,3;979,7;979;11,5;23,8;17,2;17,4;24,5;10,8;97;44;89;14,5;10;1;6;  E;0,4;SSW ;0,7;  E;0,3;    ;  ;   ;;;;;;
19 09 2012;976,7;976,7;982,5;13,4;20;11,1;13,9;20,5;11,1;95;70;93;14,5;7;9;10; NE;0,8;ENE;2,6;NNW ;1;    ;  ;   ;;;;;;
20 09 2012;985,9;987,3;989,7;9,7;17;10;11,7;18,2;9;90;33;81;9,1;4;4;0;  E;0,3;ENE;1,3;  E;1,2;34,4;  ;●;;;;;;
21 09 2012;989,5;986,2;984,9;6,2;20,3;13,2;13,2;20,5;5,4;92;37;71;9,4;4;4;0;ESE ;0,9;WNW ;1,3;SSW ;2,7;    ;  ;   ;;;;;;
22 09 2012;981,5;980,6;984,5;8,1;20,6;13,9;14,1;21,1;7,7;94;45;75;11;2;2;1;  W ;0,3;  W ;3,5;WNW ;1,7;    ;  ;   ;;;;;;
23 09 2012;985,7;983,5;981,3;11,6;17,4;16,5;15,5;18,9;10,3;85;59;75;12,5;9;9;7;ENE;0,3;  E;0,5;SSW ;0,9;    ;  ;   ;;;;;;
24 09 2012;975,9;972,7;971;18,2;21,2;15,3;17,5;22,6;12,8;51;75;95;15,4;7;7;10;  W ;2,2;WNW ;2,4;  S ;1,9;    ;  ;   ;;;;;;
25 09 2012;976,7;975,3;976,7;13;23,7;17,6;18;24,3;12,8;95;53;68;14,5;10;3;4;NNW ;1,1; SE ;1,4;NNW ;1;19,6;  ;●;;;;;;
26 09 2012;976,5;977;976,5;14,3;20,2;18,6;17,9;23,8;13,3;91;84;87;17,9;9;9;7;ESE ;0,6;WSW ;2,1; NW ;0,8;0,3;  ;●;;;;;;
27 09 2012;974,5;977,4;980,5;17;23,4;18,7;19,5;24,6;16,2;92;46;57;14,5;9;5;6;NNE;0,8;WSW ;3,1; SW ;1,6;2;  ;●;;;;;;
28 09 2012;985,3;986,7;986,1;12,9;17,8;15,4;15,4;18,7;12,6;92;54;76;12,7;6;7;6;  N ;0,1;ESE ;1,7;ESE ;0,5;8,1;  ;●;;;;;;
29 09 2012;984,2;981,8;981,3;13,5;21,9;17,8;17,8;22,2;13,4;91;59;92;16,2;9;9;3;SSW ;0,9;  N ;0,3;SSW ;1;    ;  ;   ;;;;;;
30 09 2012;984,5;985,1;986,1;15,8;17,4;16,2;16,4;18,5;15,7;95;69;83;15,4;10;9;10;NNE;1;NNE;2,4;  N ;0,7;0,2;  ;●;;;;;;
1 10 2012;983,5;982,3;982,9;14,7;22,4;16,6;17,6;23,5;14,7;93;54;87;15,5;10;4;6;ENE;0,8;ENE;1,6;NNE;1,1;3,3;  ;●;;;;;;
2 10 2012;981,8;982,7;984,5;15,3;16,8;15,3;15,7;17,5;15;87;80;86;15,2;9;9;9;NNE;0,6; NE;2,2;ENE;0,9;0,1;  ;●;;;;;;
3 10 2012;984,3;983,1;983,8;14;21,1;15,3;16,4;21,7;13,8;90;52;90;14,4;9;2;3;  W ;1,1; NW ;1,4;SSW ;0,2;0,4;  ;●;;;;;;
4 10 2012;983,3;980,5;981,3;12,8;19,7;16,2;16,2;20,6;12,5;98;69;79;14,9;10;7;7; SW ;1,1; SW ;4,2;WSW ;2,1;    ;  ;   ;;;;;;
5 10 2012;986,2;985,9;986,1;13,7;19,9;14,9;15,9;20,5;12,2;88;46;86;13,1;9;6;4;NNE;1,1;NNW ;1,4;NNE;0,9;0;  ;  ;;;;;;
6 10 2012;985,7;983,1;983,3;10,9;22,2;16,3;16,4;22,3;10,9;98;61;71;14,1;10;4;2;  E;0,9; SW ;4,8; SW ;2,4;    ;  ;   ;;;;;;
7 10 2012;979,9;976,9;981,4;13,3;20,5;13,2;15,1;20,7;13;89;59;96;14,2;9;7;2;  E;0,5;WSW ;3,6;  N ;0,3;    ;  ;   ;;;;;;
8 10 2012;987,5;984,7;983,4;9,2;15,8;10;11,3;15,9;8,8;84;49;78;9,4;7;3;3; NE;0,9;  E;1,1;  N ;1;8,6;  ;●;;;;;;
9 10 2012;978,1;975,4;977;9,4;17,8;13,8;13,7;18,4;8,9;90;47;75;10,7;9;6;5;NNE;0,8; SW ;2,9;WSW ;0,6;0;  ;  ;;;;;;
10 10 2012;978,6;978,6;978,7;12,3;11,2;10,4;11,1;14,2;10,4;96;79;88;11,8;10;10;10; NE;1,9; SE ;1,6;SSW ;0,9;4,9;  ;●;;;;;;
11 10 2012;980,7;979,9;978,2;9,8;12;10,8;10,9;12,5;9,7;79;68;84;10;10;10;10;ESE ;0,8;SSW ;1,8; SE ;0,8;1,5;  ;●;;;;;;
12 10 2012;976,9;977;979,1;10,4;12,7;12;11,8;13;10;88;81;89;11,8;10;10;10;ENE;1,1;SSW ;1,3;  N ;0,3;0;  ;  ;;;;;;
13 10 2012;981,5;981,1;977,7;12,1;12;10,6;11,3;12,5;10,6;93;87;93;12,4;10;10;10;  E;0,8;  E;0,3;  N ;1,1;0,3;  ;●;;;;;;
14 10 2012;975,5;973,3;972,5;7,4;15,9;12,8;12,2;16,4;7,4;97;58;91;11,3;10;6;4;  N ;0,9;SSE ;1,3;SSW ;0,8;4,5;  ;●;;;;;;
15 10 2012;970,7;970,5;971,8;11,6;17,9;14;14,4;18,4;11,5;98;75;95;14,6;10;6;10;ESE ;0,9;  E;0,9;ENE;2,4;8,7;  ;●;;;;;;
16 10 2012;973,4;975,3;981,3;10,9;16,5;12,2;13;16,6;10,3;91;59;89;11,9;10;6;8;  E;4,8; SE ;2,4;  N ;0,9;52,9;  ;●;;;;;;
17 10 2012;986,2;986,3;987,5;8,6;18,6;14,3;14;19;7,7;97;53;53;10,3;10;6;3;  N ;0,5; SW ;4,5;  W ;2,3;3,7;  ;●;;;;;;
18 10 2012;986,9;986,5;987,3;10;19,8;13,4;14,2;19,8;10;88;60;79;12,3;5;5;0;NNE;0,9; SW ;4,4;WSW ;2,4;    ;  ;   ;;;;;;
19 10 2012;987,7;985,5;986,7;6,6;22,4;14;14,3;22,7;6,3;96;52;74;11,8;5;1;0;ENE;1,2;WSW ;4,3; SW ;2,6;    ;  ;   ;;;;;;
20 10 2012;985,9;984,1;985,8;5,8;19,9;11,1;12;21,7;5,3;90;52;84;10,5;4;4;4;ENE;1,3;ENE;1,8;ENE;0,8;    ;  ;   ;;;;;;
21 10 2012;985,3;983,8;985,9;7,8;18,8;11,6;12,5;20,2;7,7;97;56;91;11,6;10;4;0;ENE;1,5;  W ;0,8;  E;0,7;    ;  ;   ;;;;;;
22 10 2012;987;985,7;987,5;8,3;16,8;11;11,8;17,7;8,1;99;74;98;12,6;9;0;9;  N ;0,9;  E;0,8; NE;0,5;0;  ;  ;;;;;;
23 10 2012;988,6;987,4;987,5;8,4;16;9,3;10,8;17,1;8,2;97;63;98;11,3;10;1;0; NE;0,9;  E;1,1; NE;0,3;    ;  ;   ;;;;;;
24 10 2012;985,5;984,1;983,3;7,2;10,5;9,6;9,2;10,8;7;87;80;88;9,9;10;10;10;  N ;0,7; SE ;0,5;  N ;1,4;    ;  ;   ;;;;;;
25 10 2012;979,9;977,7;977,3;8;11,9;8;9;14;7,8;94;71;90;9,9;10;0;0;NNE;1,4; NE;1,9;  N ;1,1;0;  ;  ;;;;;;
26 10 2012;976,2;972,3;967,4;6,3;11,8;10,3;9,7;12,3;4,7;92;81;99;10,8;9;10;10; NE;1,4;ENE;0,6;ENE;1;0;  ;  ;;;;;;
27 10 2012;955,8;953;954,5;10,1;13,1;12,7;12,2;13,6;9,7;96;97;97;13,6;10;10;10;WNW ;0,9;  E;1,5;  N ;2,5;50,4;  ;●;;;;;;
28 10 2012;968,9;970,7;974,2;0,6;2,3;0,8;1,1;12,7;0,4;93;83;97;6,1;10;10;10;  S ;0,5;ESE ;1,6;  S ;1,1;61,4;2;●*;;;;;;
29 10 2012;975;975,4;978,3;1,1;3,4;2;2,1;4,3;0,6;95;73;78;5,8;9;5;9;  E;0,5;  S ;2,1;  E;0,9;22;2;●*;;;;;;
30 10 2012;978,5;976,2;977,5;0,4;5,3;1,3;2,1;5,7;0,1;86;62;93;5,7;9;5;1;  E;0,3;SSW ;0,9;NNE;1,3;0;2;  ;;;;;;
31 10 2012;976,6;975,1;971,5;2,1;5;5,3;4,4;7,2;-1;94;87;93;7,5;9;10;10; NE;1,4;ENE;0,3;  N ;0,9;0,1;  ;●;;;;;;
1 11 2012;978,1;979,4;985;4,2;6,9;6,5;6;7,5;3,9;96;96;97;9;7;7;10; NE;0,9;ENE;1,1; NE;1;13,8;  ;●;;;;;;
2 11 2012;970,1;972,3;977,8;6;13,1;9;9,3;14,5;6;96;70;85;9,8;8;6;9;SSE ;0,9;NNE;1,6;ESE ;1,2;29,4;  ;●;;;;;;
3 11 2012;978,9;978,3;978,7;6,1;15,7;11,9;11,4;15,7;5,4;96;53;79;9,9;10;9;9;  E;0,8;WSW ;3,9; NW ;0,8;0,2;  ;●;;;;;;
4 11 2012;976,7;975;970,1;12,8;14,3;12,7;13,1;16,1;11,2;89;90;96;14;9;10;10;  W ;3,2;WSW ;1,5;  E;1,6;0,1;  ;●;;;;;;
5 11 2012;960,3;964,9;975,7;18,7;17,4;6,4;12,2;19,1;6,4;81;72;93;13,6;10;9;10; SW ;5,9;  W ;2,5;SSE ;1,9;14,6;  ;●;;;;;;
6 11 2012;978,1;979,4;985;4,2;6,9;6,5;6;7,5;3,9;96;96;97;9;7;7;10; NE;0,9;ENE;1,1; NE;1;13,8;  ;●;;;;;;
7 11 2012;989,3;989,8;992,6;4,1;9,2;5;5,8;10,5;3,5;98;90;96;9;8;5;0;  E;0,9;  E;1; NE;0,9;7,1;0;●*;;;;;;
8 11 2012;991,5;987,3;984,7;2,3;7,8;9,2;7,1;11;1,8;97;77;41;6,6;10;5;3;NNE;0,9; NE;0,6;  W ;0,9;    ;  ;   ;;;;;;
9 11 2012;984,2;984,2;985,7;2,4;13,4;5,1;6,5;14,4;2,2;94;50;93;7,6;1;1;0; NE;0,9;NNE;0,9;ENE;0,6;    ;  ;   ;;;;;;
10 11 2012;983,9;982,3;981,5;3,8;7,3;7,8;6,7;8,1;3,6;94;84;87;8,5;9;10;9;  E;0,8; NW ;0,7;  E;0,3;    ;  ;   ;;;;;;
11 11 2012;979;979;982,1;7,1;12,3;11;10,4;13,3;7,1;95;82;97;11,3;6;10;10;ESE ;0,4;ENE;1,8;ENE;0,9;0,3;  ;●;;;;;;
12 11 2012;984,9;986,7;988,9;12,1;14,2;12,1;12,6;14,3;11;96;93;97;14,1;10;10;10;WNW ;1,8; SE ;0,8; NE;1,2;3,9;  ;●;;;;;;
13 11 2012;992,9;994,9;996,1;10,1;11,9;10,5;10,8;12,2;10,1;96;79;83;11,2;10;10;9;NNE;0,4; SE ;1,4;  E;0,8;7,3;  ;●;;;;;;
14 11 2012;994,9;993,8;994,1;8,5;10,3;7,4;8,4;11;7,4;83;59;69;7,9;10;9;9; NW ;0,3;ESE ;3,5; NE;1,1;0,6;  ;●;;;;;;
15 11 2012;991,8;989,3;989,3;5,6;8,2;7,7;7,3;8,6;5;75;73;69;7,3;10;10;10;NNE;1,1; SE ;0,4;  E;0,9;    ;  ;   ;;;;;;
16 11 2012;988,7;988,1;987,5;6,6;7,8;7;7,1;7,9;6,4;79;69;79;7,6;10;10;10;  N ;1,1;ENE;0,9;NNE;0,7;    ;  ;   ;;;;;;
17 11 2012;985,1;982,1;981,9;5,5;9,5;4,5;6;10,6;4,5;76;64;91;7,4;10;6;1;NNW ;0,7;ESE ;0,9;NNW ;0,7;    ;  ;   ;;;;;;
18 11 2012;981,5;980,3;981,7;1,1;7,2;6,5;5,3;7,5;1,1;95;82;95;7,9;7;9;10;ESE ;0,3;  N ;0,7;ESE ;0,6;    ;  ;   ;;;;;;
19 11 2012;982,7;983,1;984,5;6,9;9,6;9;8,6;10,3;6,4;95;90;90;10,2;10;10;10;ENE;0,6;ENE;1;  S ;0,8;5,4;  ;●;;;;;;
20 11 2012;984,9;984,9;986,7;8,5;10,3;8,4;8,9;10,3;8,2;81;65;83;8,8;10;10;10;  E;1;  E;1,6;  W ;0,6;0;  ;  ;;;;;;
21 11 2012;986,7;985,7;986,7;7,5;9;8,8;8,5;9,1;7,4;90;88;86;9,7;10;10;10; SE ;0,4;SSE ;1,5;NNW ;0,3;0;  ;  ;;;;;;
22 11 2012;988,9;989;989,3;8,5;11;9,2;9,5;11;8,4;91;77;95;10,5;10;10;10;NNE;0,7;NNW ;1,1;NNW ;0,9;0;  ;  ;;;;;;
23 11 2012;987,1;987;988,9;8,5;10,2;9,6;9,5;10,4;8,5;97;85;94;10,9;10;10;10; NE;0,9;WSW ;1,1; NE;1;4,4;  ;●;;;;;;
24 11 2012;988,5;987,3;987,4;8,6;11,4;6,6;8,3;11,7;6,6;92;78;95;10;10;6;10;  N ;0,7;SSW ;0,9; NE;0,2;    ;  ;   ;;;;;;
25 11 2012;984,7;984,3;984,9;6,3;13,8;12;11;14,2;6,2;96;63;76;9,9;6;4;10;NNE;0,4; SW ;4,4;  W ;0,7;    ;  ;   ;;;;;;
26 11 2012;983,1;980,7;977,4;9,8;13,2;12,6;12,1;13,5;9,8;95;75;73;11,2;10;8;5;  E;0,9;  W ;2,3;WSW ;3,4;0,3;  ;●;;;;;;
27 11 2012;976,2;974,5;972,9;12,9;15,1;11,2;12,6;15,3;11,2;72;52;88;10,4;9;9;10;WSW ;4,5;WSW ;0,2;  N ;0,6;0,2;  ;●;;;;;;
28 11 2012;968,7;965;956,9;10,1;12,5;12;11,7;12,7;10,1;96;91;97;12,9;10;8;10;NNE;0,8;  N ;0,5;ESE ;1;32,9;  ;●;;;;;;
29 11 2012;957,4;957,7;959,9;7,4;9,8;7;7,8;12,2;7;99;84;95;9,9;10;9;10;  N ;0,6;NNW ;3,1;NNW ;1,5;17,6;  ;●;;;;;;
30 11 2012;965,5;968,9;974,1;3,6;3,4;3,1;3,3;7;2,9;91;95;89;7,2;10;10;10;SSE ;1,4; SE ;1,9;  E;0,9;4,4;  ;●;;;;;;
1 12 2012;977,3;978,6;978,7;3;4,4;3,1;3,4;4,6;2,9;88;63;76;5,9;10;10;10; NE;1,5;  E;1,4; NE;0,1;1,3;  ;●;;;;;;
2 12 2012;975,8;973,4;973,7;2,4;0,8;1,1;1,4;3,3;0,6;81;97;97;6,2;10;10;10; SE ;1,4;NNE;0,9;  S ;1,5;0;1;  ;;;;;;
3 12 2012;976,3;977,4;978,5;0,4;3,9;0,1;1,1;4,4;0,1;95;79;96;6,1;10;1;10;WSW ;1,2;  E;0,6;NNE;1;10;3;●*;;;;;;
4 12 2012;972,6;966,6;965,8;-2,5;0,7;0,5;-0,2;0,9;-2,6;94;98;98;5,8;5;10;10;ENE;0,6;NNE;0,2;NNW ;0,1;    ;1;   ;;;;;;
5 12 2012;966,9;968,6;971,5;1;1,6;0,4;0,9;1,7;0,4;95;93;95;6,2;10;10;10;  S ;1,1;  W ;0,8;SSW ;0,4;19,9;7;●*;;;;;;
6 12 2012;973,3;975,3;979,8;-0,2;0,4;-0,3;-0,1;0,8;-0,6;93;83;93;5,4;8;9;10;NNE;0,8;ENE;0,6;  S ;0,5;    ;6;   ;;;;;;
7 12 2012;980,6;976,6;972,3;-1,5;0,1;-1,4;-1,1;0,2;-1,6;91;73;93;4,9;9;9;10;  N ;1,6;ENE;1,1;NNE;0,8;0,3;7;*;;;;;;
8 12 2012;971;975,8;981,3;-2,3;-2;-2,9;-2,5;-1,3;-2,9;94;65;84;4,1;10;10;10; NE;2,1;  E;5,4;  W ;0,7;14;27;*;;;;;;
9 12 2012;984,5;982,2;980,3;-8,5;-0,6;-5,7;-5,1;1,1;-8,8;89;68;92;3,5;1;1;2;  E;0,8; SW ;1,2; SW ;0,4;9,5;22;*;;;;;;
10 12 2012;975,4;973,1;973,9;-8;-2,9;-5,6;-5,5;-2,8;-9,1;93;87;92;3,7;10;7;3; NW ;0,5;WSW ;0,3;NNE;0,5;    ;19;   ;;;;;;
11 12 2012;976,9;976,9;982,3;-8,1;-1,2;-6,4;-5,5;-0,6;-8,4;87;70;92;3,4;0;3;0;  N ;0,6; SW ;0,6;  N ;0,7;    ;15;   ;;;;;;
12 12 2012;985,3;986,1;987,7;-9,5;-4,2;-5,5;-6,2;-4,1;-10;91;92;90;3,5;10;9;10;  S ;0,7; SW ;1,1; SW ;1;    ;14;   ;;;;;;
13 12 2012;987,1;985,7;985,5;-9;-3,7;-4,4;-5,4;-3,3;-9,6;92;74;85;3,4;10;3;10;SSW ;0,5;SSE ;0,9; NW ;0,7;0;12;  ;;;;;;
14 12 2012;983,7;982,1;980,7;-0,8;1,8;1,3;0,9;1,8;-6,8;88;52;64;4,3;10;10;10;  W ;0,5;NNE;0,3;NNE;0,3;0,1;12;*;;;;;;
15 12 2012;977,1;974,2;977,1;1,7;3,4;3,6;3,1;4,2;1,3;97;95;98;7,3;10;10;10; NE;0,3; NE;0,6;NNE;0,7;7,1;7;●;;;;;;
16 12 2012;978,9;977,9;978,1;3,2;4,8;2,5;3,3;5,1;2,4;98;96;97;7,6;10;10;10;NNW ;0,3;  E;0,6;  E;0,1;14,1;1;●;;;;;;
17 12 2012;976,5;974,6;975,4;1,5;3,3;3,1;2,8;3,5;1,4;98;95;94;7,1;10;10;10;  N ;0,3;ENE;0,2;WNW ;0,9;0,1;  ;●;;;;;;
18 12 2012;977,5;976,9;980,1;2,3;4,4;3,3;3,3;4,6;2;95;83;89;6,9;10;9;9;  N ;1,3;  N ;0,8;  N ;0,7;    ;  ;   ;;;;;;
19 12 2012;983,9;984,7;987,7;-0,2;5,8;0,1;1,5;7,2;-0,3;96;70;95;6;9;2;10;NNE;0,8; NE;0,1; NW ;0,2;    ;  ;   ;;;;;;
20 12 2012;987,1;984,2;981,8;-1,8;0,1;-1,5;-1,2;0,5;-1,8;100;89;97;5,4;10;9;10; SW ;1;ENE;1,6;SSW ;0,5;    ;  ;   ;;;;;;
21 12 2012;977,9;978,1;980,9;-1,4;1,4;1,2;0,6;1,8;-1,6;97;90;92;5,8;10;10;10; NE;0,3; NW ;0,1; NE;0,9;    ;  ;   ;;;;;;
22 12 2012;984,3;986,9;986,5;1,3;1,8;1,3;1,4;2;1,2;97;85;88;6,1;10;10;10;  E;0,5;  W ;0,5;ESE ;0,7;0,5;0;*;;;;;;
23 12 2012;982,2;981,7;983,4;0,6;4,9;3,5;3,1;6;0,6;93;77;83;6,4;10;5;9;  W ;0,9; NE;1,4;  N ;1,1;    ;  ;   ;;;;;;
24 12 2012;984,5;984,7;985;2;9,2;9,6;7,6;9,6;1,5;92;71;76;8;7;9;10;ENE;1,1;  W ;3,8;WNW ;4,3;    ;  ;   ;;;;;;
25 12 2012;983,7;981,9;981,4;9;8,7;9,5;9,2;11,1;8,7;81;100;100;10,8;10;10;10;  W ;4,2;WSW ;2,2;WSW ;1,4;0,1;  ;●;;;;;;
26 12 2012;979,7;975,9;983,3;9,8;9,8;5,7;7,8;10,7;5,7;96;95;86;10,4;10;10;8;  N ;0,2; NE;0,5; SE ;1,3;0,3;  ;●;;;;;;
27 12 2012;984,9;981;977,5;2,8;4,7;4,4;4,1;5,7;2,4;95;87;91;7,4;10;7;10; SW ;0,7;WNW ;1,1;  E;0,5;18,9;  ;●;;;;;;
28 12 2012;980,7;985,8;993,1;3,3;8,7;3,7;4,9;10,3;1,8;97;76;76;7,4;4;2;1;NNW ;1,1; SW ;1,5; SW ;1,7;1,3;  ;●;;;;;;
29 12 2012;996,3;993,7;991,7;-1,6;2,5;-1,1;-0,3;3,9;-1,6;95;76;95;5,4;5;2;0;ENE;0,6;  E;1,2;  E;0,4;    ;  ;   ;;;;;;
30 12 2012;989,1;987,8;994,3;-2,3;-1,2;-1,9;-1,8;-0,5;-2,6;100;93;96;5,2;10;10;10;  N ;1,1;WNW ;0,5;ENE;1,4;    ;  ;   ;;;;;;
31 12 2012;993,9;990,7;987,7;-2,6;-0,1;-1,2;-1,3;0,5;-2,7;96;88;97;5,2;10;10;10;NNE;1;  E;0,9;ESE ;0,9;0;0;  ;;;;;;
